Site,Long,Lat,Evel,Nvel,SigVe,SigVn,Cor,Solution,X,Y
ABAD,52.568,31.228,-0.65,13.77,1.54,1.54,0,Raeesi,3318042.638,4334800.251
ABAL,51.986,35.793,-1.09,10.34,0.52,0.51,0.01,Raeesi,3189794.57,4080695.222
ABAR,53.308,31.123,-0.57,13.1,1.55,1.54,0,Raeesi,3265382.48,4382123.825
ABDN,48.2135,30.3778,0.37,20.35,0.12,0.1,0.015,IPGN,3669757.691,4106347.709
ABGR,58.319,32.484,1.46,7.99,1.58,1.58,0.002,Raeesi,2828368.501,4582917.484
ABJN,57.046,31.206,3.06,11.75,1.64,1.64,0.002,Raeesi,2970156.675,4581689.061
ABRK,53.2265,31.1205,-0.34,14.44,0.11,0.13,0.012,IPGN,3271698.261,4377589.326
ABSD,52.0912,35.6612,-1.32,9.21,0.11,0.14,0.013,IPGN,3187543.205,4093282.391
AGKA,48.005,37.169,-0.56,13.04,0.53,0.54,0.012,Raeesi,3404663.993,3781926.093
AGRD,43.033,39.718,0.6,8.35,0.81,0.81,-0.005,Reilinger,3591045.7,3352573.219
AHAR,47.0497,38.4682,3.81,11.21,0.16,0.2,0.005,IPGN,3406999.799,3659919.78
AHVZ,48.7444,31.3439,-2.34,17.33,0.1,0.17,0.01,IPGN,3595322.127,4098871.231
AKHT,50.6006,35.5883,-1.52,11.71,0.13,0.1,0.014,IPGN,3295933.242,4012620.469
ALIS,51.082,28.919,0.28,20.79,1.06,1.04,0.009,Raeesi,3509911.46,4347086.114
ALXY,42.961,44.753,3.97,-3.04,0.56,0.57,-0.032,Reilinger,3320226.649,3091938.846
AMIN,52.586,35.701,-1.95,8.55,0.47,0.46,0.01,Raeesi,3150510.736,4118610.896
AMND,46.1552,38.2312,2.33,11.26,0.11,0.12,0.01,IPGN,3475027.819,3618058.311
AMSI,43.768,40.972,1.26,6.42,0.9,0.5,-0.017,Reilinger,3482646.58,3336006.196
ANGN,57.8973,26.4572,0.52,12.38,0.48,0.34,-0.003,IPGN,3036605.514,4840257.264
ARA4,44.679,39.84,2.63,8.07,0.66,0.65,-0.006,Reilinger,3487101.394,3448245.658
ARBI,48.231,38.477,4.6,12.48,0.47,0.46,-0.003,Raeesi,3330417.54,3728927.743
ARDA,53.822,32.313,-1.3,13.8,0.33,0.33,0.01,Raeesi,3184991.167,4355246.424
ARDH,47.6501,37.8288,1.02,12.9,0.15,0.16,0.006,IPGN,3397994.328,3727819.627
ARDH,42.699,41.111,0.47,3.86,0.83,0.83,-0.01,Reilinger,3536829.556,3263578.089
ARDN,42.755,41.126,0.33,4.86,0.41,0.41,-0.029,Reilinger,3532833.72,3266289.683
ARNG,51.0749,35.9284,-1.64,9.45,0.11,0.43,0.003,IPGN,3248748.81,4022611.394
ARTI,43.954,40.609,2.04,6.9,0.41,0.5,-0.027,Reilinger,3490757.025,3365572.97
ARTU,58.5605,56.4298,-0.63,-0.18,0.09,0.09,0.015,IPGN*,1843884.081,3016089.413
ASTG,45.341,40.124,2.45,9.28,1.6,1.11,0,Nocquet,3432786.426,3473892.514
ATTA,50.1,37.156,-0.14,13.5,2.1,2.09,0.03,Raeesi,3264693.334,3904529.418
AWAZ,48.925,31.188,-3.08,20.78,1.68,1.66,0.009,Raeesi,3588278.903,4116946.512
BA07,58.305,29.149,1.81,12.26,1.48,1.47,0.003,Raeesi,2928992.233,4743368.401
BA09,58.428,28.784,6.1,10.51,1.53,1.52,0.003,Raeesi,2929060.511,4766337.496
BA12,58.523,29.137,3.5,8.21,1.13,1.13,0.006,Raeesi,2911261.637,4755030.735
BA13,58.074,29.23,1.78,11.36,1.58,1.58,0.003,Raeesi,2945776.788,4727804.824
BA14,57.94,29.105,5.36,10.38,1.13,1.13,0.006,Raeesi,2960410.025,4726625.053
BA30,57.967,29.316,3.85,10.31,1.13,1.13,0.005,Raeesi,2952128.6,4718344.005
BA31,58.13,29.187,3.01,11.45,1.52,1.5,0.003,Raeesi,2942382.506,4732656.902
BA32,58.141,29.078,3.17,11.88,1.54,1.52,0.003,Raeesi,2944578.319,4738217.219
BA34,58.278,28.944,4.55,10.31,1.62,1.61,0.003,Raeesi,2937027.625,4751371.299
BA35,58.195,28.888,5.42,11.33,1.56,1.54,0.003,Raeesi,2945489.167,4749662.159
BA36,58.469,28.898,3.39,9.45,1.49,1.49,0.004,Raeesi,2922461.671,4763237.262
BA38,58.675,28.96,5.76,8.03,1.15,1.15,0.006,Raeesi,2903589.039,4770874.309
BADA,48.814,36.764,-0.17,11.61,0.36,0.35,0.003,Raeesi,3368724.725,3849960.967
BAFT,56.58,29.2392,1.24,14.48,0.12,0.12,0.013,IPGN,3067765.684,4648978.912
BAGH,55.657,27,4.33,23.67,2.43,2.25,0.031,Raeesi,3208233.178,4695520.691
BAHD,56.0461,31.8407,0.4,12.35,0.1,0.1,0.019,IPGN,3029107.01,4498639.297
BAHR,50.6082,26.2091,3.25,22.12,0.54,0.45,0,IPGN*,3633915.387,4425292.454
BAJE,58.215,34.558,-0.49,6.94,0.56,0.54,-0.004,Raeesi,2769772.338,4469797.915
BAKU,49.814,40.372,3.04,1.21,0.39,0.44,0.001,Reilinger,3139923.678,3717440.015
BALA,44.75,37.534,-3.64,15.82,0.69,0.69,0.003,Raeesi,3596454.49,3565205.654
BAMO,50.98,30.109,-1.31,18.13,1.59,1.57,0,Raeesi,3476733.923,4290346.15
BASH,53.025,35.705,0.32,10.28,0.76,0.78,0,Raeesi,3118706.008,4142422.048
BASK,44.017,38.043,-3.21,15.19,0.9,0.9,-0.026,Reilinger,3616875.146,3494850.241
BAV0,43.782,41.121,1.63,6.75,0.45,0.44,-0.02,Reilinger,3473986.294,3329338.672
BAZ2,60.177,27.865,5.03,3.63,1.61,1.6,0.005,Raeesi,2806254.192,4895438.184
BAZM,60.18,27.865,4.95,3.4,2.23,1.9,0.023,Raeesi,2805997.864,4895585.112
BEBN,50.2169,30.6057,-3.01,18.41,0.11,0.11,0.016,IPGN,3515758.331,4222276.314
BES2,54.832,29.363,-1.09,14.04,0.41,0.41,0.018,Raeesi,3204280.57,4547747.843
BEDI,65.2259,26.4493,5.12,12.37,1.28,1.18,0.035,Frohling,2394540.729,5188419.231
BEUG,42.787,44.011,-0.44,0.71,0.44,0.64,-0.031,Reilinger,3371923.441,3121014.536
BIAJ,55.8052,36.0861,1.1,8.42,0.11,0.12,0.014,IPGN,2900175.04,4268311.202
BIAR,55.906,35.988,1.14,9.36,0.59,0.61,-0.01,Raeesi,2896251.026,4278709.974
BIG2,53.637,27.852,-1.68,15.4,1.32,1.33,0.001,Raeesi,3345966.512,4544500.217
BIJA,47.93,36.232,-1.98,13.59,0.36,0.35,0,Raeesi,3451248.837,3823595.531
BIJD,59.2553,32.9002,0.9,6.99,0.13,0.13,0.012,IPGN,2740357.804,4607097.161
BILE,48.717,39.497,5.85,12.27,0.36,0.35,0.001,Reilinger,3251665.224,3703508.441
BJMI,43.296,41.779,0.92,3.41,0.71,0.77,-0.079,Reilinger,3466892.596,3266577.372
BLDH,51.8287,36.2083,-2.3,10.03,0.21,0.11,0.015,IPGN,3184245.98,4050628.27
BMG2,53.48,26.97,1.97,20.36,1.54,1.56,0.001,Raeesi,3385182.465,4571473.735
BNAB,46.0519,37.3699,-1.43,12.3,0.38,0.72,0,IPGN,3522209.101,3653972.269
BOJD,57.2716,37.4803,-2.36,4.56,0.1,0.11,0.015,IPGN,2739908.526,4263196.465
BOND,50.732,36.623,-1.37,11.28,0.74,0.76,0,Raeesi,3243900.267,3967790.859
BOOM,51.812,35.73,-1.62,10.61,0.36,0.34,0,Raeesi,3204697.997,4074200.271
BORC,41.777,41.268,0.06,3.7,0.43,0.43,-0.007,Reilinger,3580323.636,3198593.528
BORU,48.506,33.772,-4.61,14.29,1.66,1.66,0.009,Raeesi,3516345.853,3975344.747
BRBS,56.3206,27.2072,5,23.18,0.26,0.27,0.006,IPGN,3147835.342,4723658.289
BRMN,47.2884,37.919,1.34,13.01,0.17,0.11,0.008,IPGN,3417290.484,3701778.191
BRSR,56.721,29.997,0.75,15.45,1.69,1.68,0.002,Raeesi,3033536.548,4621808.725
BSOF,45.7316,38.674,4.52,10.82,0.12,0.12,0.011,IPGN,3480345.588,3570379.989
BTMN,41.154,37.864,-6.43,15.27,0.81,0.81,0,Reilinger,3796121.864,3317873.807
BUR0,44.287,40.381,2.08,7.4,0.41,0.4,-0.019,Reilinger,3482907.015,3397284.137
BZGN,44.3922,39.3792,4.97,7.95,0.22,0.41,0.002,IPGN,3527625.939,3453565.901
CATK,43.061,38.007,-2.99,13.24,0.82,0.81,-0.003,Reilinger,3676480.204,3435698.396
CHBR,60.6511,25.2808,2.09,4.85,0.32,0.89,0.001,IPGN,2828421.973,5030124.604
CHEL,50.098,32.482,-4.21,17.36,1.64,1.62,0,Raeesi,3454699.422,4131481.078
CHIT,51.2132,35.7287,-1.55,12.31,0.44,0.47,0.002,IPGN,3247154.568,4040551.638
CHO0,44.276,40.736,1.67,7.41,0.44,0.42,-0.019,Reilinger,3465206.679,3378720.949
CHSH,50.988,35.088,-1.76,11.19,0.43,0.43,-0.001,Raeesi,3288936.719,4059759.768
CHSM,50.9894,35.0876,-1.2,12.13,0.1,0.09,0.019,IPGN,3288853.577,4059859.952
CMCV,57.76,30.537,0.44,9.11,1.64,1.62,0.002,Raeesi,2933134.587,4650535.314
DAMA,52.059,35.701,-1.63,9.63,0.38,0.38,0.01,Raeesi,3188259.444,4089459.05
DAMO,47.744,39.513,7.22,14.71,0.5,0.47,-0.019,Raeesi,3313326.621,3646920.722
DAND,48.183,36.607,0.51,12.11,0.66,0.69,-0.009,Raeesi,3417859.293,3820385.708
DARG,57.589,35.915,-0.26,5.95,0.54,0.54,-0.009,Raeesi,2771886.23,4365940.839
DASH,51.814,29.945,-2.16,15.13,1.57,1.56,0,Raeesi,3419541.467,4347647.947
DBST,57.3302,29.2377,2.87,11.85,0.41,0.83,0.001,IPGN,3006677.077,4688815.291
DBYZ,44.145,39.556,3.71,7.97,0.71,0.72,-0.03,Reilinger,3533540.012,3429624.03
DEDA,50.578,30.99,-0.29,17.36,1.64,1.62,0,Raeesi,3475225.424,4227498.425
DEH2,54.7,28.645,-3.03,13.4,1.28,1.28,0.002,Raeesi,3237046.43,4571844.997
DELO,47.429,32.692,-1.56,16.56,1.76,1.75,0.009,Raeesi,3634853.191,3956890.902
DENA,56.504,28.529,4.27,14.19,1.04,0.96,-0.014,Raeesi,3094913.063,4676612.914
DESL,59.297,31.196,2.06,7.2,1.6,1.59,0.002,Raeesi,2788201.849,4695307.064
DEZF,48.678,32.657,-4.02,17.98,1.66,1.65,0.009,Raeesi,3549123.116,4036754.97
DOGH,58.869,35.108,0.36,5.08,0.64,0.63,-0.016,Raeesi,2700554.776,4471289.316
DRGZ,59.0692,37.4662,-0.3,0.93,0.2,0.19,0.007,IPGN,2605317.771,4347863.015
ERZM,41.3,39.973,-0.34,4.93,0.93,0.98,-0.023,Reilinger,3677163.038,3230466.663
ERZR,41.255,39.906,-0.17,4.35,0.87,0.87,-0.003,Reilinger,3683289.493,3230726.869
ESFA,57.427,37.159,0.87,4.71,0.64,0.65,-0.012,Raeesi,2739974.566,4288830.254
ESFN,57.4946,37.0495,0.87,6.07,0.16,0.18,0.007,IPGN,2738852.075,4298242.59
FAR2,52.106,28.851,-3.08,19.15,1.17,1.16,-0.01,Raeesi,3433899.264,4411991.268
FARM,59.843,35.6961,-0.33,2.27,0.11,0.12,0.014,IPGN,2605169.414,4483866.202
FERD,58.1831,34.0307,-1.25,8.23,0.09,0.11,0.019,IPGN,2789635.652,4496259.907
FINO,55.867,27.651,0.97,18.93,2.33,2.19,0.021,Raeesi,3172421.308,4679838.428
FOIM,51.166,35.4093,-1.29,12.25,0.11,0.11,0.014,IPGN,3263408.092,4053932.504
FOPM,50.84,35.7648,-1.26,11.93,0.2,0.17,0.005,IPGN,3271926.229,4017501.109
GARD,59.197,35.495,-0.3,2.72,0.65,0.64,-0.027,Raeesi,2662208.118,4465364.059
GARM,51.6457,35.985,-1.57,10.43,0.1,0.14,0.023,IPGN,3206225.407,4051884.615
GARN,44.742,40.149,1.17,7.14,1.11,1.11,0,Reilinger,3467645.078,3436555.601
GEG0,44.81,40.16,1.83,8.61,0.49,0.48,-0.014,Reilinger,3463005.268,3440113.575
GENO,56.162,27.366,3.58,20.83,2.34,2.18,0.021,Raeesi,3156406.77,4708226.227
GHAB,54.989,36.43,-0.09,10,0.71,0.72,0.01,Raeesi,2947733.868,4208080.532
GHAR,49.851,35.14,-1.92,13.59,0.74,0.72,-0.001,Raeesi,3366707.722,3991161.294
GHO1,49.812,36.699,-1.37,12.77,0.68,0.71,0,Raeesi,3303940.788,3911347.307
GHOL,57.217,28.01,1.67,14.9,0.98,0.9,-0.002,Raeesi,3051228.302,4737666.071
GHOT,44.428,38.489,-0.7,13.3,1.07,1.08,-0.009,Reilinger,3569817.393,3499242.62
GLMT,59.4485,27.4822,3.76,6.39,0.24,0.27,0.008,IPGN,2878284.148,4876328.75
GNDG,54.4141,34.0401,-0.08,12.94,0.59,0.42,0.014,IPGN,3078819.842,4302686.715
GONA,58.6835,34.3731,-0.49,6.3,0.1,0.09,0.02,IPGN,2739164.353,4502212.648
GORI,47.739,33.057,-3.69,17.04,1.72,1.71,0.009,Raeesi,3598614.777,3960237.98
GORI,46.367,39.511,4.95,10.7,0.36,0.36,0.001,Reilinger,3400105.954,3566347.684
GOSM,48.419,38.706,5.18,13.09,0.95,0.83,0.002,Raeesi,3307640.567,3727974.5
GOT2,53.631,28.624,-1.76,16.26,1.3,1.29,0.001,Raeesi,3322438.984,4511555.46
GOTR,55.791,31.416,0.38,11.39,1.62,1.62,0.001,Raeesi,3062990.082,4505530.516
GRME,56.264,37.042,-0.56,8.25,0.52,0.53,-0.012,Raeesi,2830809.512,4238847.629
GWAD,62.3203,25.144,4.99,7.69,0.34,0.31,0.036,Frohling,2683698.364,5116095.54
HAJT,60.502,31.573,1.71,2.6,1.21,1.2,0.005,Raeesi,2678125.759,4733956.81
HAMD,48.5343,34.8691,-1.39,13.01,0.15,0.11,0.01,IPGN,3468946.472,3925663.697
HARA,54.608,30.079,0.4,13.61,0.41,0.39,0.016,Raeesi,3199246.504,4503108.962
HASH,48.922,37.764,2.49,11.8,0.44,0.46,0.004,Raeesi,3317306.978,3805649.218
HEFZ,48.458,38,4.13,12.21,0.81,0.85,-0.018,Raeesi,3337350.534,3766621.336
HELI,52.305,36.206,-2.47,10.03,0.58,0.56,0.02,Raeesi,3150555.639,4077077.942
HINI,41.696,39.369,-0.47,7.54,0.8,0.79,-0.003,Reilinger,3686713.696,3284280.417
HJBD,60.0098,33.6039,0.62,2.24,0.23,0.27,0.007,IPGN,2658062.44,4605718.298
HMEH,40.596,36.584,-5.6,15.23,0.52,0.53,0.001,Reilinger,3893504.298,3336665.314
HORS,42.167,40.042,0.02,7.06,0.76,0.76,-0.009,Reilinger,3624209.802,3282431.138
HOSN,48.2534,32.6699,-3.76,15.1,0.27,0.28,0.003,IPGN,3578426.349,4009766.936
HRMK,57.917,29.642,2.9,10.4,1.62,1.6,0.003,Raeesi,2946800.042,4700699.498
HSAD,57.465,29.371,2.71,14.72,1.61,1.61,0.002,Raeesi,2991748.089,4689779.398
HSGD,50.747,36.0067,-1.68,11.5,0.1,0.11,0.017,IPGN,3268487.9,4000001.903
HSTD,47.0942,37.5762,-0.94,13.89,0.11,0.15,0.008,IPGN,3445675.043,3707235.306
IGIR,44.018,39.929,3.42,5.79,0.8,0.79,-0.004,Reilinger,3522092.737,3403384.438
IJEV,45.139,40.907,3.32,7.35,0.49,0.47,0,Reilinger,3405168.172,3421730.312
ILAM,46.427,33.648,-3.79,16.69,1.1,1.07,0.028,Raeesi,3663507.929,3850694.214
ILLM,46.3974,33.5887,-3.55,16.78,0.1,0.1,0.016,IPGN,3668008.194,3851438.077
INGU,42.062,42.721,-0.95,3.05,0.39,0.39,0,Reilinger,3484205.276,3144026.119
IRAJ,56.445,30.775,-0.08,13.7,1.6,1.6,0.002,Raeesi,3031651.284,4570786.275
ISBA,44.4384,33.3414,-2.41,17.69,0.29,0.38,0,IPGN*,3808322.548,3734388.271
ISER,44.011,36.16,-3.04,17.33,1.35,1.35,0.003,Reilinger,3707899.914,3582053.299
ISL2,53.066,28.347,-2.48,16.4,1.2,1.21,0.001,Raeesi,3375563.693,4490277.094
ISNA,44.353,32.013,-1.42,17.29,0.62,0.62,0.044,Reilinger,3870756.191,3784309.623
ISSD,43.673,34.601,-2.61,18.61,0.73,0.74,0.019,Reilinger,3801401.209,3629272.177
JAM1,45.049,39.297,4.83,10.64,0.72,0.73,-0.003,Raeesi,3491892.754,3497870.48
JASC,57.7699,25.6375,1.86,12.81,0.19,0.16,0.006,IPGN,3068627.856,4867225.857
JASK,57.7639,25.6495,2.06,14.82,0.49,1,0.004,IPGN,3068830.652,4866417.845
JERM,45.661,39.837,4.89,11.54,0.97,0.93,-0.016,Raeesi,3427641.328,3507654.798
JOLF,45.605,38.952,3.85,11.48,0.71,0.71,-0.004,Raeesi,3474693.591,3548859.746
JOZA,48.952,34.256,-3.48,15.82,0.73,0.7,-0.002,Raeesi,3465573.179,3979946.989
KAL2,43.341,38.549,-5.56,12.82,0.66,0.65,0,Reilinger,3632540.976,3428044.485
KALT,59.6404,36.3913,-0.43,1.4,0.17,0.19,0.006,IPGN,2598067.639,4435461.71
KAN2,52.056,27.834,-0.38,22.02,1.25,1.27,-0.01,Raeesi,3470649.08,4451189.174
KAR0,44.657,40.101,2.66,7.97,0.76,0.78,-0.005,Reilinger,3475182.77,3433821.663
KARM,46.459,39.315,3.68,12.33,1.32,0.83,0,Reilinger,3403892.495,3581817.546
KARS,43.17,40.685,1.45,5.63,0.55,0.54,-0.012,Reilinger,3532471.73,3313732.82
KASP,46.758,40.184,3.65,11.03,0.74,0.66,0,Reilinger,3342888.305,3554589.278
KATE,46.511,41.652,0.56,5,0.49,0.49,0,Reilinger,3284696.807,3462679.368
KATI,56.365,31.413,1.28,11.48,1.08,1.08,0.003,Raeesi,3017795.903,4536133.873
KBLG,44.5647,39.0306,4.38,9.86,0.25,0.14,0.005,IPGN,3534641.157,3481336.813
KCHI,67.1128,24.9314,6.45,29.03,0.14,0.11,0.004,Frohling,2250755.439,5331606.905
KERM,57.119,30.277,0.16,15.84,0.54,0.46,0.021,Raeesi,2992898.211,4629681.896
KHAF,60.1583,34.585,0.18,1.42,0.3,0.3,0.008,IPGN,2615760.658,4559677.318
KHAS,56.233,26.208,4.71,25.74,1.37,1.37,0.013,Raeesi,3182709.348,4760203.045
KHAV,46.265,38.736,5.46,10.02,0.69,0.69,-0.005,Raeesi,3443981.191,3599515.712
KHID,49.237,39.818,4.85,6.66,1.46,1.48,0,Reilinger,3203068.658,3715639.004
KHJE,46.5956,38.1517,2.77,10.11,0.18,0.18,0.005,IPGN,3450864.619,3648625.714
KHO2,54.126,29.923,-1.58,14.59,0.41,0.4,0.022,Raeesi,3242082.236,4483042.847
KHON,50.458,33.157,-2.9,13.4,0.75,0.72,0.008,Raeesi,3402842.271,4121818.037
KHOR,47.123,37.368,-2.63,13.54,0.56,0.57,0.013,Raeesi,3453376.556,3719268.716
KHOS,48.409,30.246,-0.26,19.27,1.15,1.1,0.017,Raeesi,3660620.131,4124360.683
KHSF,58.821,32.755,0.82,6.72,1.16,1.16,0.003,Raeesi,2779719.802,4593661.821
KHUR,55.0813,33.7693,0.11,11.46,0.1,0.1,0.019,IPGN,3038099.046,4351985.211
KISL,42.663,43.742,-0.21,0.82,0.56,0.56,-0.028,Reilinger,3393903.564,3127748.554
KIZ0,44.19,41.185,1.88,5.33,0.72,0.72,-0.009,Reilinger,3446836.581,3350731.819
KIZ2,40.65,37.246,-6.83,14.42,0.85,0.86,-0.005,Reilinger,3856879.53,3311588.278
KKDY,44.1599,39.3323,3.96,7.41,0.16,0.19,0.006,IPGN,3543967.82,3441535.46
KLBR,47.0323,38.8687,4.6,12.06,0.18,0.2,0.006,IPGN,3389177.606,3638558.287
KMSH,47.1247,34.3561,-1.01,10.44,1.17,0.5,0,IPGN,3586461.242,3862830.086
KOKU,41.793,38.753,-5.43,12.77,0.47,0.49,-0.024,Reilinger,3713276.699,3319236.306
KORD,54.199,36.86,-2.3,6.24,0.36,0.34,0.008,Raeesi,2988813.047,4143939.046
KRAD,48.2787,33.4334,-4.61,14.43,0.14,0.13,0.009,IPGN,3545921.153,3976877.094
KRD2,50.531,31.808,-4.67,15.42,1.62,1.61,0,Raeesi,3448655.731,4188169.042
KRES,44.486,42.447,0.23,3.7,0.46,0.45,0,Reilinger,3362807.246,3303006.676
KRKT,41.794,38.754,-5.05,11.91,0.91,0.93,-0.011,Reilinger,3713166.959,3319254.803
KRS1,43.093,40.588,1.59,5.01,0.82,0.82,-0.01,Reilinger,3542044.589,3313775.105
KRYZ,42.149,39.714,-1.74,8.49,0.86,0.77,0,Reilinger,3642552.52,3296961.624
KSHA,51.255,34.15,-2.81,13.14,0.4,0.38,-0.002,Raeesi,3306980.02,4121148.397
KSHM,58.473,35.2706,1.23,5.58,0.1,0.1,0.02,IPGN,2725957.397,4443656.464
KUDI,45.795,41.951,-0.79,5.21,0.56,0.53,0,Reilinger,3312276.944,3405494.474
KURD,48.148,40.333,3.88,9.84,0.76,0.66,0,Reilinger,3248544.725,3626669.967
KUWT,47.971,29.325,0.26,19.21,0.85,0.84,0,Reilinger,3725995.078,4133927.358
LALE,56.69,29.596,1.77,15.19,1.12,1.13,0.004,Raeesi,3048166.957,4638626.211
LAMB,54.004,26.883,1.52,21.15,1.41,1.28,0.002,Raeesi,3345798.596,4605773.224
LAMD,53.2034,27.3637,3.25,19.49,0.22,0.14,0.008,IPGN,3395281.612,4539128.509
LAR2,54.32,27.644,-0.42,18.11,1.36,1.37,0.012,Raeesi,3297816.137,4592779.383
LARZ,52.811,36.078,-2.49,8.2,0.68,0.69,0,Raeesi,3119490.414,4111415.657
MABD,52.2852,36.5884,-4.17,7.06,0.11,0.12,0.014,IPGN,3136561.51,4056070.585
MMAR02,55.956,37.845,-4.27,6.03,0.58,0.61,-0.013,Raeesi,2823221.284,4178672.079
MARD,40.728,37.311,-6.83,14.44,0.85,0.86,-0.005,Reilinger,3849056.521,3313984.914
MARG,48.891,37.187,-0.13,11.51,0.7,0.72,-0.009,Raeesi,3344983.299,3833210.696
MARV,52.752,29.798,-0.05,13.93,1.56,1.53,0,Raeesi,3352822.479,4409505.182
MAVT,55.9439,37.801,-4.56,6.19,0.12,0.13,0.012,IPGN,2825780.795,4180556.926
MEHR,52.157,35.868,-1.71,8.88,0.52,0.52,0.01,Raeesi,3174612.873,4086350.076
MF01,51.955,35.683,-1.31,9.97,0.42,0.42,0,Raeesi,3196395.227,4084582.796
MF02,51.797,35.801,-0.96,10.39,0.33,0.33,0,Raeesi,3202916.971,4069742.956
MF03,51.885,35.649,-1.41,10.89,0.32,0.32,0,Raeesi,3202740.742,4082405.147
MF04,52.117,35.258,-1.94,11.65,0.36,0.36,0,Raeesi,3201635.428,4115200.193
MF05,51.277,35.493,-0.68,12.2,0.44,0.43,0,Raeesi,3252178.855,4056044.939
MF06,50.543,35.227,-1.07,12.17,0.43,0.43,-0.001,Raeesi,3314725.041,4027237.164
MF07,52.008,35.897,-0.4,8.74,0.33,0.34,0,Raeesi,3184067.914,4076594.206
MF10,51.304,36.394,-2.5,11.48,0.46,0.47,0,Raeesi,3213579.615,4011776.987
MF12,51.315,36.15,-1.12,12.04,0.54,0.54,0.01,Raeesi,3222821.348,4024897.6
MF13,50.632,36.009,-1.1,11.57,0.44,0.44,0,Raeesi,3276414.662,3993317.585
MF15,51.613,35.988,-2.37,11.65,0.33,0.33,-0.01,Raeesi,3208415.928,4049900.775
MF16,51.665,35.724,-1.17,11.92,0.33,0.33,0,Raeesi,3215381.459,4066269.709
MF17,51.108,35.753,-1.43,10.9,0.32,0.33,0,Raeesi,3253579.086,4033356.984
MHAN,57.2884,30.0716,1.34,14.67,0.18,0.16,0.008,IPGN,2985381.969,4648140.066
MIAN,46.162,36.908,-2.1,14.18,0.38,0.35,0.005,Raeesi,3536617.203,3683057.525
MIDY,41.357,37.417,-5.82,13.6,1.05,1.06,0.001,Reilinger,3807085.017,3351322.354
MINA,57.1,27.16,1.05,22.56,2.21,2.05,0.022,Raeesi,3084587.523,4768046.359
MKLA,49.038,14.486,12.64,21.51,0.56,0.54,0.001,Reilinger,4049162.358,4664272.581
MMKN,44.771,37.9851,-2.06,13.63,0.49,0.39,0.001,IPGN,3573381.66,3544931.008
MMOR,44.114,40.178,2.73,6.7,0.65,0.64,-0.014,Reilinger,3503611.874,3396896.548
MMR0,44.091,40.178,2.09,7.07,0.42,0.41,-0.012,Reilinger,3504975.194,3395489.834
MNDB,46.0092,36.93,-0.95,13.3,0.19,0.17,0.005,IPGN,3545408.237,3672557.648
MOBA,51.808,34.977,0.09,10.71,0.77,0.76,0.04,Raeesi,3234870.576,4111968.514
MOBK,51.7947,35.0529,-0.63,12.29,0.12,0.13,0.013,IPGN,3232836.774,4107420.868
MOGH,48.049,39.013,5.79,11.53,0.82,0.85,-0.017,Raeesi,3317351.359,3690634.368
MOSH,57.62,26.993,1.11,13.51,2.25,2.11,0.022,Raeesi,3045698.356,4802957.633
MRAD,43.759,38.997,-0.51,11.08,0.73,0.54,-0.038,Reilinger,3584941.002,3432913.75
MRQD,40.761,35.754,-4.45,15.36,0.51,0.52,0.008,Reilinger,3925048.575,3383351.476
MSHN,59.4798,36.3347,-0.1,1.38,0.1,0.1,0.021,IPGN,2612381.111,4431369.78
MURA,43.763,38.99,-0.07,10,0.78,0.78,-0.003,Reilinger,3585054.476,3433502.235
MUSC,58.569,23.564,5.94,26.48,0.75,0.63,0,Reilinger,3050305.182,4991127.65
NEBA,60.047,31.573,1.34,6.23,1.3,1.3,0.004,Raeesi,2715634.444,4712540.103
NEHB,60.0382,31.542,2.25,6.11,0.35,0.47,0.003,IPGN,2717256.617,4713681.448
NEYA,50.045,36.401,-2.21,11.43,0.76,0.8,0,Raeesi,3300654.294,3939846.642
NICH,44.526,41.831,0.97,6.3,0.45,0.43,0,Reilinger,3393228.935,3337544.911
NINO,43.891,41.537,0.98,4.36,0.49,0.46,0,Reilinger,3445658.706,3314789.152
NKAD,51.3098,36.685,-3.43,9.59,0.13,0.16,0.009,IPGN,3201155.215,3997095.756
NKSR,60.2536,26.2536,2.09,5.38,0.44,0.37,0.006,IPGN,2840006.226,4969705.092
NOGH,59.937,32.988,1.54,5.54,1.01,1.01,0.004,Raeesi,2682697.593,4634791.835
NORA,46.093,39.536,4.11,11.13,1.07,0.96,0.013,Raeesi,3415897.025,3548774.34
NOSH,51.768,36.586,-4.08,10.47,1.93,1.75,0,Raeesi,3173144.974,4027717.165
NSSP,44.5029,40.2265,2.29,7.09,0.16,0.15,0.007,IPGN*,3477995.348,3418162.562
NYBD,57.397,32.492,-0.24,9.68,1.26,1.27,0.002,Raeesi,2901490.382,4536410.734
NZSF,45.1144,38.9988,4.42,9.64,0.17,0.28,0.004,IPGN,3502647.119,3516662.288
ODZ0,44.593,41.055,3.07,7.02,0.69,0.69,-0.01,Reilinger,3429944.712,3381558.453
OLTU,41.99,40.548,0.92,3.74,0.79,0.81,-0.046,Reilinger,3607324.841,3246910.026
ORMA,64.6339,25.2088,2.89,13.16,1.16,1.08,0.014,Frohling,2473671.045,5217503.967
ORTA,47.869,37.929,3.5,13.87,0.61,0.61,0.003,Raeesi,3379146.509,3735710.326
OSL2,52.607,27.474,-1.16,22.99,1.89,1.81,0,Raeesi,3438927.318,4499069.649
OZAL,43.989,38.657,-2.25,14.84,0.76,0.76,-0.002,Reilinger,3588157.491,3463712.366
PANG,64.1096,26.9778,1.56,1.85,0.78,0.73,0.033,Frohling,2483672.374,5117103.221
PASN,63.4684,25.2588,4.01,17.14,1.11,0.97,0.024,Frohling,2578230.683,5163996.447
PISH,51.885,35.224,-0.76,10.97,0.52,0.51,0.01,Raeesi,3219615.734,4103915.024
PLOR,52.064,35.8496,-1.72,8.93,0.11,0.27,0.007,IPGN,3181976.718,4082135.043
PLZI,51.971,35.6303,-1.31,10.25,0.15,0.18,0.006,IPGN,3197354.308,4088160.104
PMBK,44.55,40.84,2.93,7.28,0.69,0.69,-0.007,Reilinger,3443632.79,3389960.768
POLD,45.0615,39.3514,4.86,9.66,0.14,0.16,0.006,IPGN,3488426.131,3495922.977
POOL,51.5742,36.4031,-2.97,9.91,0.13,0.16,0.009,IPGN,3194252.484,4026417.746
POOS,57.237,26.379,2.49,23.08,2.39,2.23,0.021,Raeesi,3094269.835,4808183.122
PTNS,42.91,39.232,-2.5,9.13,0.38,0.32,0.001,Reilinger,3623359.062,3368211.692
QAE2,59.188,33.663,-0.59,5.33,0.75,0.72,0.006,Raeesi,2721987.369,4564002.693
QAEN,59.176,33.74,-0.14,5.61,0.1,0.11,0.018,IPGN,2720514.97,4559362.997
QIR2,53.029,28.477,-3.21,15.39,1.18,1.19,0.001,Raeesi,3374339.917,4482619.452
QOMS,51.799,32.25,-2.73,14.19,0.74,0.7,0,Raeesi,3339056.659,4243031.751
QUCH,58.5373,37.0707,-0.5,2.38,0.17,0.1,0.011,IPGN,2659441.036,4346161.796
RAIN,57.584,29.762,1.7,14.48,1.59,1.59,0.002,Raeesi,2970537.23,4677929.714
RAVR,56.8092,31.252,0.85,12.19,0.11,0.16,0.011,IPGN,2987619.567,4567161.651
RAZ0,44.718,40.52,3,7.31,0.88,0.94,-0.01,Reilinger,3450137.288,3416341.385
RAZD,55.8,28.33,3.62,15.4,0.99,0.99,0.015,Raeesi,3158041.749,4646917.32
ROBA,56.07,33.369,0.56,10.25,0.43,0.4,0.011,Raeesi,2976255.678,4424130.07
ROKM,51.0983,35.4872,-1.21,11.49,0.4,0.36,0.001,IPGN,3265048.042,4046172.738
RSHT,49.6244,37.323,-2.29,12.89,0.1,0.1,0.017,IPGN,3289725.592,3868751.321
RTCL,51.711,35.5744,-0.37,11.24,0.65,0.3,0,IPGN,3218110.066,4076442.909
RTKM,51.0989,35.4864,-1.17,11.46,0.22,0.26,0.004,IPGN,3265038.028,4046247.028
SA10,43.951,40.108,2.35,7.2,0.43,0.42,-0.013,Reilinger,3516869.047,3390393.276
SA20,43.807,40.097,2.42,6.83,0.43,0.42,-0.012,Reilinger,3525946.715,3382088.352
SAA2,53.146,30.087,-0.98,12.93,1.17,1.13,0.001,Raeesi,3312830.501,4419661.954
SABZ,57.6528,36.1849,1.17,7.85,0.15,0.27,0.005,IPGN,2757593.18,4354135.431
SAFI,57.9213,36.6982,-0.2,4.32,0.2,0.1,0.009,IPGN,2719189.929,4338342.068
SAGZ,46.3112,36.2211,-2.44,15,0.16,0.23,0.004,IPGN,3558380.34,3725089.891
SALF,50.4686,34.4842,-1.62,13.04,0.1,0.09,0.02,IPGN,3349927.601,4059252.601
SALY,49.02,39.676,6.52,6.38,1.38,1.41,0,Reilinger,3223729.143,3711091.658
SAMU,48.529,41.595,0.25,1.15,0.74,0.66,0,Reilinger,3163511.54,3579348.254
SARB,59.955,32.578,1.75,5.83,1.18,1.19,0.004,Raeesi,2693567.976,4656945.988
SARD,50.026,30.325,-2.7,20.6,1.68,1.66,-0.001,Raeesi,3539942.87,4222629.92
SARK,61.1486,36.5368,-0.25,1.72,0.12,0.19,0.009,IPGN,2475795.84,4493901.65
SARZ,56.946,27.488,-1.75,19,2.27,2.12,0.021,Raeesi,3088292.433,4745755.205
SBAK,55.1075,30.1462,-0.33,13.69,0.12,0.11,0.015,IPGN,3157729.761,4527762.764
SDAD,57.6817,30.4122,1.84,8.37,0.19,0.2,0.006,IPGN,2943238.52,4652452.326
SEDE,52.179,30.726,-0.4,11.86,1.54,1.52,0,Raeesi,3364961.876,4334801.464
SEMD,44.574,37.305,-3.2,14.87,0.89,0.89,0.011,Reilinger,3618390.29,3564980.209
SEMI,51.43,31.225,-4.27,14.02,1.63,1.62,0,Raeesi,3403587.178,4268181.953
SEMN,53.564,35.662,-0.02,8.87,0.42,0.4,0.011,Raeesi,3081252.338,4173815.941
SEND,55.929,31.713,0.18,12.53,1.06,1.06,0.003,Raeesi,3042472.298,4498615.786
SEPI,51.358,30.61,-2.63,15.99,1.57,1.57,0,Raeesi,3430824.436,4291264.434
SFHN,51.7061,32.5177,-0.57,13.1,0.33,0.12,0.005,IPGN,3336079.065,4225133.527
SHA0,44.528,40.753,3.28,7.15,0.75,0.75,-0.012,Reilinger,3449434.401,3393064.931
SHA1,53.492,36.679,-4.6,8.21,0.74,0.76,0.01,Raeesi,3046871.469,4116408.303
SHAB,45.887,38.228,1.75,12.63,0.38,0.37,0.024,Raeesi,3492078.719,3601910.033
SHAH,50.748,32.367,-2.48,12.99,0.4,0.38,-0.015,Raeesi,3411934.523,4175701.781
SHAM,58.431,37.57,-0.63,2.32,0.66,0.66,-0.023,Raeesi,2649911.541,4312596.264
SHAN,51.775,28.4,-0.92,18.01,1.62,1.6,0,Raeesi,3474146.983,4410892.027
SHEK,47.25,41.132,0.65,5.47,0.5,0.5,0,Reilinger,3265683.862,3532796.899
SHIK,49.426,40.025,3.56,1.78,0.53,0.51,0,Reilinger,3181201.006,3714981.345
SHIR,57.308,37.814,-2.79,3.55,0.45,0.41,0.002,Raeesi,2724980.778,4245897.704
SHKH,60.296,33.654,0.16,1.65,0.96,0.9,-0.015,Raeesi,2633498.258,4616265.079
SHOL,49.668,33.073,-0.84,14.04,0.74,0.71,-0.002,Raeesi,3462643.133,4078388.837
SHOR,51.8842,35.2772,-1.05,13.62,0.17,0.12,0.009,IPGN,3217570.348,4101189.935
SHOU,46.76,39.753,4.55,10.75,0.44,0.42,0,Reilinger,3363823.389,3577100.346
SHRN,57.8227,37.4372,-2.78,3,0.52,0.82,0.001,IPGN,2700326.134,4291815.118
SHRZ,52.6026,29.5444,-0.65,14.13,0.11,0.11,0.015,IPGN,3372760.351,4411802.66
SHUA,42.133,41.648,0.81,3.31,1.33,0.82,-0.016,Reilinger,3539659.186,3202032.6
SIRT,41.936,37.932,-4.61,15.23,1.5,1.51,-0.002,Reilinger,3747036.963,3366276.083
SIYE,49.12,41.066,0.52,1.89,0.68,0.61,0,Reilinger,3151816.379,3641123.813
SKOH,46.1229,37.9332,0,12.55,0.11,0.16,0.009,IPGN,3491207.713,3630804.942
SLNY,42.259,44.891,-1.03,1.85,0.49,0.39,-0.057,Reilinger,3349858.79,3043757.971
SMNN,53.4207,35.5882,-0.85,10.33,0.33,0.15,0.004,IPGN,3094523.947,4169926.566
SNDJ,47.0146,35.2552,-3.3,14,0.37,0.35,0.001,IPGN,3555060.222,3814283.525
SOLA,46.4006,24.9107,4.88,19.53,0.12,0.1,0.015,IPGN*,3991603.212,4191684.514
SOLE,49.328,32.037,-3.64,18.31,1.65,1.64,0.009,Raeesi,3527074.511,4104658.456
SOLH,41.057,38.959,-6.91,13.98,1.01,1.1,-0.017,Reilinger,3744788.398,3261841.187
SORC,57.884,27.901,1.37,13.36,2.24,2.05,0.022,Raeesi,2998880.411,4777660.701
SRCH,55.885,30.014,1.02,14.06,1.67,1.66,0.001,Raeesi,3100119.286,4576275.906
SRJN,55.707,29.304,0.76,15.15,1.64,1.63,0.002,Raeesi,3136263.388,4598797
SRVN,62.3183,27.3902,2.26,3.47,0.25,0.17,0.003,IPGN,2632715.797,5018478.555
STEP,44.364,41.031,2.32,5.02,0.5,0.5,-0.041,Reilinger,3444683.883,3369046.367
SVR2,53.244,29.281,-2.54,13.95,1.15,1.15,0.001,Raeesi,3331741.935,4460769.441
SYON,48.773,15.947,11.3,19.54,0.7,0.66,0,Reilinger,4042728.86,4613583.428
TABS,56.9507,33.6034,-0.44,9.82,0.15,0.15,0.008,IPGN,2900080.273,4457330.795
TABZ,46.3433,38.0557,1.22,10.83,0.24,0.19,0.003,IPGN,3471437.069,3638151.987
TANG,52.043,35.492,-0.85,9.97,0.36,0.36,0.01,Raeesi,3197703.289,4099211.06
TASJ,45.3606,38.316,0.22,13.97,0.11,0.1,0.012,IPGN,3520771.882,3565370.22
TAZA,47.271,38.27,3.29,12.22,0.59,0.61,-0.005,Raeesi,3402104.66,3683083.359
TEHN,51.3341,35.6973,-0.43,11.28,0.16,0.1,0.01,IPGN,3239891.956,4048982.361
TEHR,51.386,35.747,-0.65,12.94,0.79,0.75,0.01,Raeesi,3234213.688,4049399.774
TF01,51.257,35.812,-1.6,12.9,0.42,0.42,0.01,Raeesi,3240683.698,4038818.935
TF09,51.425,35.833,-1.25,12.56,0.5,0.5,0.01,Raeesi,3227977.008,4047237.583
TF16,51.522,35.774,-1.7,12.36,0.41,0.41,0.01,Raeesi,3223503.411,4055694.693
TF20,51.568,35.808,-3.19,11.43,0.51,0.52,0.01,Raeesi,3218874.875,4056553.117
TFSH,50.0521,34.676,-1.56,12.82,0.1,0.1,0.018,IPGN,3371592.929,4025536.231
THED,59.2187,35.347,0.65,3.99,0.13,0.16,0.012,IPGN,2665387.124,4474548.24
TJAM,60.5642,35.2944,-0.19,2.49,0.16,0.18,0.009,IPGN,2561242.378,4538839.536
TKBN,50.9301,36.7859,-3.22,9.94,0.1,0.11,0.015,IPGN,3223352.481,3970594.443
TKCE,47.3928,37.5794,-0.11,12.66,0.29,0.17,0.003,IPGN,3426161.258,3724982.784
TKMN,41.512,39.643,-2.03,6.94,1,1.01,-0.005,Reilinger,3682750.339,3259597.573
TLGN,50.745,36.1436,-3.43,11.42,0.34,0.18,0.002,IPGN,3262967.466,3992961.478
TMN2,54.316,29.239,-2.8,13.15,1.2,1.21,0.002,Raeesi,3249030.241,4524169.881
TN01,51,35.493,-1.03,13.22,0.7,0.7,0.02,Raeesi,3271749.973,4040274.739
TN02,51.17,35.203,-0.68,12.99,0.45,0.46,0.009,Raeesi,3271419.252,4064465.156
TN03,51.379,35.366,-0.78,12.85,0.48,0.49,0.01,Raeesi,3250051.33,4068209.937
TN04,51.409,35.495,-1.28,13.3,0.46,0.47,0.01,Raeesi,3242745.412,4063425.948
TN05,51.515,35.633,-0.31,11.41,0.49,0.5,0.01,Raeesi,3229680.542,4062447.501
TN06,51.724,35.55,-0.46,11.3,0.4,0.4,0.01,Raeesi,3218160.374,4078408.987
TN07,51.994,35.763,-1.75,9.72,0.47,0.48,0.01,Raeesi,3190423.054,4082673.968
TORQ,59.6275,36.2241,0.79,0.82,0.15,0.13,0.01,IPGN,2604620.845,4444354.722
TOTI,58.532,33.019,-0.15,8.65,0.8,0.78,0.016,Raeesi,2794555.877,4566022.961
TPTG,57.2485,34.9019,0.59,8.64,0.37,0.54,0.008,IPGN,2833015.511,4404162.488
TRAB,39.7756,40.9947,-0.56,2.04,0.33,0.28,-0.003,IPGN*,3705191.155,3084376.615
TVAN,42.29,38.529,-3.37,15.28,0.81,0.81,-0.008,Reilinger,3695831.61,3361769.077
UDER,41.548,40.531,0.19,3.55,0.81,0.81,-0.018,Reilinger,3633183.355,3219799.304
VAAN,43.283,38.565,-4.72,12.96,1.01,1.02,-0.005,Reilinger,3635203.395,3423606.552
VLDN,45.1933,38.4915,2.84,13.52,0.13,0.13,0.01,IPGN,3522639.224,3546488.583
VLKK,44.677,43.046,0.64,2.37,1.07,1.08,-0.01,Reilinger,3319661.529,3282442.346
VRMN,51.632,35.344,-0.77,12.72,0.25,0.63,0,Raeesi,3232932.449,4083628.778
VRTO,41.454,39.186,-5.3,10.31,0.49,0.51,-0.024,Reilinger,3710192.553,3277194.552
YAGH,52.235,29.617,-1.74,15.07,1.54,1.53,0,Raeesi,3398563.215,4386932.509
YARD,48.388,38.952,5.41,13.9,0.97,0.89,0.002,Raeesi,3298286.23,3713382.419
YIBL,56.1123,22.1865,6.58,24.69,0.24,0.17,0.001,IPGN*,3294505.671,4905015.918
YKKZ,45.4142,38.6721,4.43,10.68,0.19,0.11,0.008,IPGN,3500163.348,3551139.187
ZABL,61.7159,30.8413,1.46,1.97,0.13,0.18,0.009,IPGN,2597153.427,4826645.673
ZABO,61.517,31.049,0.6,1.95,1.34,1.23,0.015,Raeesi,2608246.266,4807192.878
ZARI,44.5498,38.4458,-0.07,13.67,0.11,0.14,0.01,IPGN,3564496.476,3508916.189
ZECK,41.5651,43.7884,-0.51,0.67,0.13,0.11,0.01,IPGN*,3450542.553,3059778.505
ZHAO,65.6053,26.3927,5.1,13.04,0.86,0.8,0.035,Frohling,2361284.388,5206702.718
ZMAN,56.7719,35.5896,0.27,9.67,0.53,0.56,0.012,IPGN,2845424.936,4343614.18
ZRND,56.6077,30.8332,-1.06,13.66,0.2,0.25,0.006,IPGN,3016841.057,4576617.829
ZVNG,58.515,36.438,1.94,3.52,0.67,0.67,-0.02,Raeesi,2683075.282,4380954.974
